,c,h,l,o,volume,time
0,112.592,112.692,112.582,112.666,749,2018-01-01T22:00:00.000000000Z
1,112.773,112.790,112.594,112.594,1220,2018-01-01T23:00:00.000000000Z
2,112.736,112.793,112.722,112.775,381,2018-01-02T00:00:00.000000000Z
3,112.723,112.752,112.659,112.738,618,2018-01-02T01:00:00.000000000Z
4,112.714,112.751,112.704,112.720,319,2018-01-02T02:00:00.000000000Z
5,112.702,112.721,112.666,112.712,251,2018-01-02T03:00:00.000000000Z
6,112.710,112.730,112.694,112.705,197,2018-01-02T04:00:00.000000000Z
7,112.688,112.739,112.667,112.712,242,2018-01-02T05:00:00.000000000Z
8,112.666,112.700,112.649,112.691,367,2018-01-02T06:00:00.000000000Z
9,112.631,112.687,112.612,112.669,545,2018-01-02T07:00:00.000000000Z
10,112.386,112.638,112.378,112.628,837,2018-01-02T08:00:00.000000000Z
11,112.252,112.402,112.249,112.384,477,2018-01-02T09:00:00.000000000Z
12,112.139,112.282,112.119,112.254,609,2018-01-02T10:00:00.000000000Z
13,112.232,112.234,112.134,112.141,315,2018-01-02T11:00:00.000000000Z
14,112.164,112.236,112.144,112.234,369,2018-01-02T12:00:00.000000000Z
15,112.124,112.188,112.086,112.162,763,2018-01-02T13:00:00.000000000Z
16,112.232,112.248,112.058,112.122,1009,2018-01-02T14:00:00.000000000Z
17,112.150,112.270,112.132,112.230,1227,2018-01-02T15:00:00.000000000Z
18,112.173,112.261,112.099,112.152,984,2018-01-02T16:00:00.000000000Z
19,112.285,112.304,112.166,112.176,561,2018-01-02T17:00:00.000000000Z
20,112.337,112.354,112.268,112.288,390,2018-01-02T18:00:00.000000000Z
21,112.258,112.345,112.256,112.334,300,2018-01-02T19:00:00.000000000Z
22,112.273,112.284,112.244,112.260,352,2018-01-02T20:00:00.000000000Z
23,112.291,112.322,112.252,112.270,226,2018-01-02T21:00:00.000000000Z
24,112.230,112.366,112.221,112.284,809,2018-01-02T22:00:00.000000000Z
25,112.256,112.282,112.174,112.228,603,2018-01-02T23:00:00.000000000Z
26,112.340,112.362,112.218,112.258,716,2018-01-03T00:00:00.000000000Z
27,112.319,112.358,112.268,112.338,436,2018-01-03T01:00:00.000000000Z
28,112.384,112.396,112.306,112.316,371,2018-01-03T02:00:00.000000000Z
29,112.342,112.388,112.326,112.386,207,2018-01-03T03:00:00.000000000Z
30,112.327,112.348,112.266,112.344,169,2018-01-03T04:00:00.000000000Z
31,112.280,112.332,112.270,112.324,226,2018-01-03T05:00:00.000000000Z
32,112.304,112.314,112.240,112.278,308,2018-01-03T06:00:00.000000000Z
33,112.354,112.392,112.296,112.302,540,2018-01-03T07:00:00.000000000Z
34,112.345,112.380,112.298,112.356,534,2018-01-03T08:00:00.000000000Z
35,112.300,112.362,112.294,112.348,341,2018-01-03T09:00:00.000000000Z
36,112.250,112.327,112.214,112.298,526,2018-01-03T10:00:00.000000000Z
37,112.236,112.282,112.226,112.248,466,2018-01-03T11:00:00.000000000Z
38,112.259,112.281,112.198,112.234,375,2018-01-03T12:00:00.000000000Z
39,112.230,112.275,112.222,112.256,472,2018-01-03T13:00:00.000000000Z
40,112.230,112.281,112.195,112.232,629,2018-01-03T14:00:00.000000000Z
41,112.397,112.500,112.232,112.232,1421,2018-01-03T15:00:00.000000000Z
42,112.292,112.400,112.280,112.400,561,2018-01-03T16:00:00.000000000Z
43,112.334,112.364,112.276,112.289,333,2018-01-03T17:00:00.000000000Z
44,112.316,112.360,112.304,112.336,250,2018-01-03T18:00:00.000000000Z
45,112.527,112.609,112.301,112.314,1557,2018-01-03T19:00:00.000000000Z
46,112.462,112.526,112.412,112.524,579,2018-01-03T20:00:00.000000000Z
47,112.509,112.525,112.445,112.464,306,2018-01-03T21:00:00.000000000Z
48,112.546,112.564,112.480,112.509,502,2018-01-03T22:00:00.000000000Z
49,112.609,112.624,112.534,112.548,340,2018-01-03T23:00:00.000000000Z
50,112.685,112.728,112.610,112.612,789,2018-01-04T00:00:00.000000000Z
51,112.728,112.778,112.683,112.687,637,2018-01-04T01:00:00.000000000Z
52,112.646,112.731,112.641,112.731,616,2018-01-04T02:00:00.000000000Z
53,112.665,112.692,112.641,112.648,301,2018-01-04T03:00:00.000000000Z
54,112.652,112.670,112.618,112.662,328,2018-01-04T04:00:00.000000000Z
55,112.661,112.668,112.622,112.656,315,2018-01-04T05:00:00.000000000Z
56,112.540,112.661,112.491,112.658,631,2018-01-04T06:00:00.000000000Z
57,112.582,112.592,112.520,112.538,551,2018-01-04T07:00:00.000000000Z
58,112.623,112.673,112.582,112.584,642,2018-01-04T08:00:00.000000000Z
59,112.546,112.640,112.542,112.625,502,2018-01-04T09:00:00.000000000Z
60,112.563,112.602,112.529,112.549,473,2018-01-04T10:00:00.000000000Z
61,112.602,112.616,112.544,112.565,495,2018-01-04T11:00:00.000000000Z
62,112.621,112.652,112.600,112.604,378,2018-01-04T12:00:00.000000000Z
63,112.828,112.845,112.620,112.623,1476,2018-01-04T13:00:00.000000000Z
64,112.822,112.836,112.755,112.831,857,2018-01-04T14:00:00.000000000Z
65,112.774,112.856,112.761,112.824,859,2018-01-04T15:00:00.000000000Z
66,112.790,112.864,112.750,112.776,777,2018-01-04T16:00:00.000000000Z
67,112.768,112.852,112.758,112.788,494,2018-01-04T17:00:00.000000000Z
68,112.826,112.838,112.759,112.770,485,2018-01-04T18:00:00.000000000Z
69,112.751,112.831,112.725,112.823,595,2018-01-04T19:00:00.000000000Z
70,112.732,112.781,112.713,112.748,495,2018-01-04T20:00:00.000000000Z
71,112.750,112.754,112.713,112.730,326,2018-01-04T21:00:00.000000000Z
72,112.778,112.790,112.733,112.750,210,2018-01-04T22:00:00.000000000Z
73,112.804,112.804,112.770,112.780,250,2018-01-04T23:00:00.000000000Z
74,112.772,112.806,112.730,112.806,710,2018-01-05T00:00:00.000000000Z
75,112.774,112.792,112.746,112.770,393,2018-01-05T01:00:00.000000000Z
76,112.846,112.847,112.725,112.776,781,2018-01-05T02:00:00.000000000Z
77,112.833,112.852,112.808,112.848,243,2018-01-05T03:00:00.000000000Z
78,112.878,112.884,112.828,112.831,270,2018-01-05T04:00:00.000000000Z
79,112.998,113.001,112.880,112.880,504,2018-01-05T05:00:00.000000000Z
80,113.079,113.113,112.984,112.996,622,2018-01-05T06:00:00.000000000Z
81,113.146,113.156,113.040,113.082,381,2018-01-05T07:00:00.000000000Z
82,113.212,113.238,113.140,113.149,677,2018-01-05T08:00:00.000000000Z
83,113.226,113.239,113.161,113.210,404,2018-01-05T09:00:00.000000000Z
84,113.236,113.241,113.170,113.224,497,2018-01-05T10:00:00.000000000Z
85,113.232,113.288,113.222,113.238,307,2018-01-05T11:00:00.000000000Z
86,113.242,113.254,113.210,113.234,404,2018-01-05T12:00:00.000000000Z
87,113.215,113.312,113.021,113.239,2873,2018-01-05T13:00:00.000000000Z
88,113.258,113.276,113.148,113.213,1563,2018-01-05T14:00:00.000000000Z
89,113.230,113.271,113.082,113.256,1298,2018-01-05T15:00:00.000000000Z
90,113.184,113.242,113.136,113.228,564,2018-01-05T16:00:00.000000000Z
91,113.160,113.222,113.148,113.186,419,2018-01-05T17:00:00.000000000Z
92,113.167,113.192,113.142,113.162,216,2018-01-05T18:00:00.000000000Z
93,113.142,113.170,113.125,113.170,275,2018-01-05T19:00:00.000000000Z
94,113.111,113.148,113.111,113.144,219,2018-01-05T20:00:00.000000000Z
95,113.057,113.130,113.032,113.108,420,2018-01-05T21:00:00.000000000Z
96,113.120,113.150,113.028,113.131,946,2018-01-07T22:00:00.000000000Z
97,113.160,113.182,113.096,113.118,424,2018-01-07T23:00:00.000000000Z
98,113.098,113.158,113.098,113.158,212,2018-01-08T00:00:00.000000000Z
99,113.131,113.158,113.081,113.096,382,2018-01-08T01:00:00.000000000Z
100,113.180,113.202,113.114,113.128,248,2018-01-08T02:00:00.000000000Z
101,113.180,113.202,113.167,113.178,111,2018-01-08T03:00:00.000000000Z
102,113.198,113.200,113.175,113.177,119,2018-01-08T04:00:00.000000000Z
103,113.230,113.274,113.199,113.200,240,2018-01-08T05:00:00.000000000Z
104,113.213,113.240,113.204,113.232,176,2018-01-08T06:00:00.000000000Z
105,113.374,113.387,113.215,113.215,486,2018-01-08T07:00:00.000000000Z
106,113.240,113.377,113.229,113.377,570,2018-01-08T08:00:00.000000000Z
107,113.162,113.248,113.119,113.237,358,2018-01-08T09:00:00.000000000Z
108,113.126,113.167,113.079,113.159,377,2018-01-08T10:00:00.000000000Z
109,113.105,113.156,113.099,113.124,356,2018-01-08T11:00:00.000000000Z
110,113.062,113.103,113.001,113.103,694,2018-01-08T12:00:00.000000000Z
111,112.930,113.080,112.884,113.065,767,2018-01-08T13:00:00.000000000Z
112,112.981,113.007,112.904,112.928,682,2018-01-08T14:00:00.000000000Z
113,112.976,113.048,112.950,112.983,670,2018-01-08T15:00:00.000000000Z
114,113.080,113.124,112.956,112.979,761,2018-01-08T16:00:00.000000000Z
115,113.082,113.125,113.063,113.082,424,2018-01-08T17:00:00.000000000Z
116,113.063,113.110,113.052,113.084,298,2018-01-08T18:00:00.000000000Z
117,113.072,113.076,113.026,113.060,218,2018-01-08T19:00:00.000000000Z
118,113.064,113.126,113.060,113.070,326,2018-01-08T20:00:00.000000000Z
119,113.092,113.107,113.056,113.066,218,2018-01-08T21:00:00.000000000Z
120,113.158,113.160,113.101,113.101,1063,2018-01-08T22:00:00.000000000Z
121,113.150,113.176,113.095,113.156,454,2018-01-08T23:00:00.000000000Z
122,113.128,113.181,113.112,113.152,575,2018-01-09T00:00:00.000000000Z
123,112.661,113.175,112.592,113.130,1668,2018-01-09T01:00:00.000000000Z
124,112.560,112.664,112.499,112.664,1205,2018-01-09T02:00:00.000000000Z
125,112.626,112.682,112.548,112.558,510,2018-01-09T03:00:00.000000000Z
126,112.616,112.656,112.571,112.624,401,2018-01-09T04:00:00.000000000Z
127,112.698,112.702,112.582,112.614,381,2018-01-09T05:00:00.000000000Z
128,112.746,112.751,112.640,112.694,556,2018-01-09T06:00:00.000000000Z
129,112.740,112.801,112.701,112.744,824,2018-01-09T07:00:00.000000000Z
130,112.926,112.960,112.737,112.742,817,2018-01-09T08:00:00.000000000Z
131,112.875,112.968,112.866,112.930,593,2018-01-09T09:00:00.000000000Z
132,112.817,112.896,112.798,112.872,560,2018-01-09T10:00:00.000000000Z
133,112.670,112.822,112.643,112.820,604,2018-01-09T11:00:00.000000000Z
134,112.608,112.681,112.588,112.672,477,2018-01-09T12:00:00.000000000Z
135,112.634,112.676,112.493,112.610,871,2018-01-09T13:00:00.000000000Z
136,112.756,112.778,112.596,112.636,1189,2018-01-09T14:00:00.000000000Z
137,112.432,112.754,112.367,112.754,1610,2018-01-09T15:00:00.000000000Z
138,112.576,112.592,112.433,112.435,1166,2018-01-09T16:00:00.000000000Z
139,112.584,112.668,112.562,112.574,767,2018-01-09T17:00:00.000000000Z
140,112.554,112.630,112.546,112.580,431,2018-01-09T18:00:00.000000000Z
141,112.631,112.652,112.522,112.552,541,2018-01-09T19:00:00.000000000Z
142,112.602,112.688,112.586,112.628,576,2018-01-09T20:00:00.000000000Z
143,112.648,112.658,112.576,112.600,410,2018-01-09T21:00:00.000000000Z
144,112.626,112.667,112.614,112.648,286,2018-01-09T22:00:00.000000000Z
145,112.776,112.776,112.622,112.624,515,2018-01-09T23:00:00.000000000Z
146,112.378,112.785,112.333,112.778,1089,2018-01-10T00:00:00.000000000Z
147,112.175,112.423,112.168,112.382,1656,2018-01-10T01:00:00.000000000Z
148,112.251,112.312,112.178,112.178,741,2018-01-10T02:00:00.000000000Z
149,112.289,112.325,112.234,112.254,389,2018-01-10T03:00:00.000000000Z
150,112.291,112.361,112.236,112.292,530,2018-01-10T04:00:00.000000000Z
151,112.360,112.360,112.244,112.288,432,2018-01-10T05:00:00.000000000Z
152,112.128,112.380,112.082,112.358,1322,2018-01-10T06:00:00.000000000Z
153,111.946,112.134,111.764,112.130,2306,2018-01-10T07:00:00.000000000Z
154,111.811,111.958,111.792,111.944,1047,2018-01-10T08:00:00.000000000Z
155,111.761,111.814,111.718,111.814,959,2018-01-10T09:00:00.000000000Z
156,111.384,111.882,111.300,111.763,3412,2018-01-10T10:00:00.000000000Z
157,111.402,111.528,111.299,111.382,2287,2018-01-10T11:00:00.000000000Z
158,111.394,111.417,111.270,111.400,1479,2018-01-10T12:00:00.000000000Z
159,111.580,111.606,111.368,111.392,1443,2018-01-10T13:00:00.000000000Z
160,111.430,111.647,111.420,111.577,1833,2018-01-10T14:00:00.000000000Z
161,111.348,111.498,111.296,111.428,1779,2018-01-10T15:00:00.000000000Z
162,111.470,111.544,111.350,111.350,1290,2018-01-10T16:00:00.000000000Z
163,111.490,111.532,111.462,111.473,646,2018-01-10T17:00:00.000000000Z
164,111.448,111.503,111.385,111.488,767,2018-01-10T18:00:00.000000000Z
165,111.349,111.504,111.339,111.446,1016,2018-01-10T19:00:00.000000000Z
166,111.368,111.434,111.290,111.351,999,2018-01-10T20:00:00.000000000Z
167,111.434,111.448,111.370,111.370,328,2018-01-10T21:00:00.000000000Z
168,111.404,111.441,111.340,111.438,630,2018-01-10T22:00:00.000000000Z
169,111.462,111.462,111.320,111.402,484,2018-01-10T23:00:00.000000000Z
170,111.426,111.564,111.333,111.460,1187,2018-01-11T00:00:00.000000000Z
171,111.602,111.630,111.422,111.429,1645,2018-01-11T01:00:00.000000000Z
172,111.522,111.632,111.507,111.600,644,2018-01-11T02:00:00.000000000Z
173,111.692,111.753,111.502,111.520,1103,2018-01-11T03:00:00.000000000Z
174,111.752,111.823,111.690,111.694,710,2018-01-11T04:00:00.000000000Z
175,111.812,111.824,111.667,111.749,683,2018-01-11T05:00:00.000000000Z
176,111.810,111.858,111.722,111.814,681,2018-01-11T06:00:00.000000000Z
177,111.782,111.876,111.758,111.813,842,2018-01-11T07:00:00.000000000Z
178,111.723,111.795,111.672,111.780,961,2018-01-11T08:00:00.000000000Z
179,111.624,111.751,111.577,111.720,870,2018-01-11T09:00:00.000000000Z
180,111.637,111.668,111.574,111.622,595,2018-01-11T10:00:00.000000000Z
181,111.620,111.700,111.604,111.640,498,2018-01-11T11:00:00.000000000Z
182,111.676,111.720,111.594,111.617,1327,2018-01-11T12:00:00.000000000Z
183,111.536,111.772,111.392,111.678,2615,2018-01-11T13:00:00.000000000Z
184,111.468,111.564,111.417,111.538,1700,2018-01-11T14:00:00.000000000Z
185,111.400,111.534,111.330,111.466,1810,2018-01-11T15:00:00.000000000Z
186,111.360,111.456,111.338,111.403,1033,2018-01-11T16:00:00.000000000Z
187,111.346,111.376,111.322,111.358,601,2018-01-11T17:00:00.000000000Z
188,111.086,111.350,111.072,111.344,1337,2018-01-11T18:00:00.000000000Z
189,111.086,111.127,111.046,111.088,571,2018-01-11T19:00:00.000000000Z
190,111.218,111.243,111.082,111.084,533,2018-01-11T20:00:00.000000000Z
191,111.264,111.287,111.188,111.215,457,2018-01-11T21:00:00.000000000Z
192,111.235,111.278,111.214,111.220,327,2018-01-11T22:00:00.000000000Z
193,111.287,111.337,111.230,111.232,427,2018-01-11T23:00:00.000000000Z
194,111.210,111.300,111.065,111.290,1666,2018-01-12T00:00:00.000000000Z
195,111.331,111.347,111.178,111.208,984,2018-01-12T01:00:00.000000000Z
196,111.232,111.345,111.219,111.328,494,2018-01-12T02:00:00.000000000Z
197,111.262,111.305,111.214,111.230,380,2018-01-12T03:00:00.000000000Z
198,111.236,111.317,111.214,111.260,427,2018-01-12T04:00:00.000000000Z
199,111.246,111.276,111.182,111.233,486,2018-01-12T05:00:00.000000000Z
200,111.330,111.365,111.217,111.244,590,2018-01-12T06:00:00.000000000Z
201,111.370,111.405,111.264,111.328,1151,2018-01-12T07:00:00.000000000Z
202,111.224,111.438,111.216,111.372,1482,2018-01-12T08:00:00.000000000Z
203,111.110,111.232,110.999,111.228,1437,2018-01-12T09:00:00.000000000Z
204,111.080,111.140,111.014,111.107,657,2018-01-12T10:00:00.000000000Z
205,111.132,111.152,110.970,111.082,1027,2018-01-12T11:00:00.000000000Z
206,111.166,111.182,111.116,111.135,672,2018-01-12T12:00:00.000000000Z
207,111.637,111.677,111.119,111.164,3698,2018-01-12T13:00:00.000000000Z
208,111.482,111.695,111.376,111.634,2509,2018-01-12T14:00:00.000000000Z
209,111.300,111.480,111.276,111.480,2338,2018-01-12T15:00:00.000000000Z
210,111.232,111.402,111.155,111.302,1943,2018-01-12T16:00:00.000000000Z
211,111.235,111.266,111.196,111.235,563,2018-01-12T17:00:00.000000000Z
212,111.052,111.238,110.998,111.238,1243,2018-01-12T18:00:00.000000000Z
213,111.058,111.060,110.916,111.050,1413,2018-01-12T19:00:00.000000000Z
214,111.040,111.070,110.944,111.056,698,2018-01-12T20:00:00.000000000Z
215,111.046,111.084,110.924,111.038,780,2018-01-12T21:00:00.000000000Z
216,111.100,111.167,111.003,111.097,702,2018-01-14T22:00:00.000000000Z
217,111.144,111.167,110.978,111.098,830,2018-01-14T23:00:00.000000000Z
218,110.831,111.185,110.802,111.146,2456,2018-01-15T00:00:00.000000000Z
219,110.739,110.856,110.650,110.834,2044,2018-01-15T01:00:00.000000000Z
220,110.738,110.786,110.627,110.737,992,2018-01-15T02:00:00.000000000Z
221,110.748,110.808,110.717,110.740,602,2018-01-15T03:00:00.000000000Z
222,110.682,110.770,110.676,110.750,727,2018-01-15T04:00:00.000000000Z
223,110.705,110.731,110.579,110.680,1400,2018-01-15T05:00:00.000000000Z
224,110.860,110.864,110.636,110.708,1080,2018-01-15T06:00:00.000000000Z
225,110.808,110.901,110.774,110.855,850,2018-01-15T07:00:00.000000000Z
226,110.638,110.822,110.608,110.810,1261,2018-01-15T08:00:00.000000000Z
227,110.559,110.652,110.524,110.634,1121,2018-01-15T09:00:00.000000000Z
228,110.637,110.644,110.538,110.562,896,2018-01-15T10:00:00.000000000Z
229,110.682,110.710,110.560,110.639,697,2018-01-15T11:00:00.000000000Z
230,110.649,110.722,110.637,110.684,492,2018-01-15T12:00:00.000000000Z
231,110.549,110.682,110.539,110.646,602,2018-01-15T13:00:00.000000000Z
232,110.664,110.668,110.541,110.552,529,2018-01-15T14:00:00.000000000Z
233,110.508,110.705,110.501,110.666,583,2018-01-15T15:00:00.000000000Z
234,110.538,110.582,110.476,110.510,623,2018-01-15T16:00:00.000000000Z
235,110.429,110.554,110.341,110.540,630,2018-01-15T17:00:00.000000000Z
236,110.360,110.468,110.330,110.427,792,2018-01-15T18:00:00.000000000Z
237,110.466,110.502,110.356,110.362,431,2018-01-15T19:00:00.000000000Z
238,110.486,110.500,110.431,110.463,1388,2018-01-15T20:00:00.000000000Z
239,110.537,110.570,110.482,110.489,863,2018-01-15T21:00:00.000000000Z
240,110.550,110.557,110.496,110.546,323,2018-01-15T22:00:00.000000000Z
241,110.620,110.638,110.476,110.552,660,2018-01-15T23:00:00.000000000Z
242,110.844,110.844,110.608,110.618,1184,2018-01-16T00:00:00.000000000Z
243,110.800,110.939,110.797,110.841,976,2018-01-16T01:00:00.000000000Z
244,110.906,110.954,110.800,110.802,980,2018-01-16T02:00:00.000000000Z
245,110.951,110.984,110.878,110.904,619,2018-01-16T03:00:00.000000000Z
246,110.856,110.950,110.828,110.948,661,2018-01-16T04:00:00.000000000Z
247,110.854,110.942,110.835,110.858,563,2018-01-16T05:00:00.000000000Z
248,110.834,110.923,110.738,110.857,1025,2018-01-16T06:00:00.000000000Z
249,110.718,110.895,110.702,110.832,1851,2018-01-16T07:00:00.000000000Z
250,110.653,110.764,110.607,110.716,1292,2018-01-16T08:00:00.000000000Z
251,110.666,110.740,110.606,110.656,1040,2018-01-16T09:00:00.000000000Z
252,110.708,110.760,110.660,110.668,1139,2018-01-16T10:00:00.000000000Z
253,110.648,110.734,110.630,110.711,533,2018-01-16T11:00:00.000000000Z
254,110.718,110.734,110.602,110.650,731,2018-01-16T12:00:00.000000000Z
255,110.690,110.790,110.684,110.716,856,2018-01-16T13:00:00.000000000Z
256,110.820,110.882,110.646,110.692,1313,2018-01-16T14:00:00.000000000Z
257,110.679,110.842,110.641,110.818,1555,2018-01-16T15:00:00.000000000Z
258,110.740,110.812,110.674,110.677,1620,2018-01-16T16:00:00.000000000Z
259,110.734,110.846,110.728,110.742,988,2018-01-16T17:00:00.000000000Z
260,110.540,110.736,110.538,110.731,1127,2018-01-16T18:00:00.000000000Z
261,110.299,110.548,110.250,110.543,1609,2018-01-16T19:00:00.000000000Z
262,110.381,110.402,110.248,110.297,1158,2018-01-16T20:00:00.000000000Z
263,110.456,110.544,110.384,110.384,670,2018-01-16T21:00:00.000000000Z
264,110.440,110.500,110.394,110.474,637,2018-01-16T22:00:00.000000000Z
265,110.395,110.440,110.262,110.438,632,2018-01-16T23:00:00.000000000Z
266,110.308,110.432,110.192,110.392,2261,2018-01-17T00:00:00.000000000Z
267,110.420,110.514,110.311,110.311,1867,2018-01-17T01:00:00.000000000Z
268,110.655,110.682,110.381,110.418,1498,2018-01-17T02:00:00.000000000Z
269,110.640,110.733,110.612,110.652,1057,2018-01-17T03:00:00.000000000Z
270,110.858,110.892,110.562,110.638,1717,2018-01-17T04:00:00.000000000Z
271,110.853,110.930,110.814,110.854,1226,2018-01-17T05:00:00.000000000Z
272,110.818,110.878,110.778,110.851,1023,2018-01-17T06:00:00.000000000Z
273,110.764,110.848,110.722,110.821,1283,2018-01-17T07:00:00.000000000Z
274,110.830,110.848,110.733,110.766,1193,2018-01-17T08:00:00.000000000Z
275,110.737,110.858,110.722,110.832,752,2018-01-17T09:00:00.000000000Z
276,110.657,110.786,110.655,110.740,780,2018-01-17T10:00:00.000000000Z
277,110.750,110.760,110.647,110.660,574,2018-01-17T11:00:00.000000000Z
278,110.750,110.842,110.744,110.747,737,2018-01-17T12:00:00.000000000Z
279,110.779,110.822,110.664,110.748,1102,2018-01-17T13:00:00.000000000Z
280,110.648,110.828,110.632,110.782,1917,2018-01-17T14:00:00.000000000Z
281,110.714,110.776,110.619,110.645,1851,2018-01-17T15:00:00.000000000Z
282,110.815,110.878,110.695,110.716,1329,2018-01-17T16:00:00.000000000Z
283,110.768,110.820,110.752,110.817,747,2018-01-17T17:00:00.000000000Z
284,110.638,110.798,110.603,110.772,1266,2018-01-17T18:00:00.000000000Z
285,111.112,111.116,110.626,110.636,1679,2018-01-17T19:00:00.000000000Z
286,111.136,111.246,111.094,111.114,1881,2018-01-17T20:00:00.000000000Z
287,111.292,111.346,111.094,111.134,925,2018-01-17T21:00:00.000000000Z
288,111.352,111.364,111.268,111.287,786,2018-01-17T22:00:00.000000000Z
289,111.356,111.393,111.272,111.350,645,2018-01-17T23:00:00.000000000Z
290,111.260,111.368,111.196,111.354,1964,2018-01-18T00:00:00.000000000Z
291,111.281,111.398,111.216,111.262,1419,2018-01-18T01:00:00.000000000Z
292,111.298,111.372,111.236,111.284,1144,2018-01-18T02:00:00.000000000Z
293,111.447,111.484,111.262,111.300,947,2018-01-18T03:00:00.000000000Z
294,111.356,111.468,111.337,111.450,722,2018-01-18T04:00:00.000000000Z
295,111.129,111.376,111.114,111.354,1477,2018-01-18T05:00:00.000000000Z
296,111.206,111.232,111.099,111.131,1002,2018-01-18T06:00:00.000000000Z
297,111.239,111.320,111.172,111.208,1102,2018-01-18T07:00:00.000000000Z
298,111.240,111.260,111.152,111.242,1134,2018-01-18T08:00:00.000000000Z
299,111.309,111.318,111.183,111.242,761,2018-01-18T09:00:00.000000000Z
300,111.261,111.357,111.252,111.307,794,2018-01-18T10:00:00.000000000Z
301,111.296,111.314,111.231,111.263,608,2018-01-18T11:00:00.000000000Z
302,111.216,111.304,111.168,111.294,672,2018-01-18T12:00:00.000000000Z
303,111.140,111.256,111.128,111.218,1324,2018-01-18T13:00:00.000000000Z
304,110.929,111.172,110.882,111.137,1810,2018-01-18T14:00:00.000000000Z
305,110.938,111.058,110.824,110.932,2192,2018-01-18T15:00:00.000000000Z
306,110.890,111.040,110.694,110.940,3322,2018-01-18T16:00:00.000000000Z
307,110.962,110.969,110.768,110.887,1292,2018-01-18T17:00:00.000000000Z
308,111.106,111.118,110.888,110.960,1162,2018-01-18T18:00:00.000000000Z
309,110.984,111.145,110.968,111.108,973,2018-01-18T19:00:00.000000000Z
310,111.064,111.204,110.954,110.981,1481,2018-01-18T20:00:00.000000000Z
311,111.108,111.127,111.012,111.061,519,2018-01-18T21:00:00.000000000Z
312,111.052,111.132,111.020,111.069,434,2018-01-18T22:00:00.000000000Z
313,111.042,111.070,110.969,111.050,592,2018-01-18T23:00:00.000000000Z
314,111.044,111.098,110.852,111.040,2065,2018-01-19T00:00:00.000000000Z
315,111.052,111.130,110.964,111.047,1621,2018-01-19T01:00:00.000000000Z
316,110.998,111.066,110.930,111.049,1344,2018-01-19T02:00:00.000000000Z
317,110.836,111.034,110.785,111.000,1238,2018-01-19T03:00:00.000000000Z
318,110.858,110.902,110.832,110.838,625,2018-01-19T04:00:00.000000000Z
319,110.874,110.924,110.834,110.856,545,2018-01-19T05:00:00.000000000Z
320,110.787,110.911,110.770,110.877,905,2018-01-19T06:00:00.000000000Z
321,110.691,110.866,110.664,110.790,1474,2018-01-19T07:00:00.000000000Z
322,110.535,110.758,110.492,110.694,1818,2018-01-19T08:00:00.000000000Z
323,110.638,110.650,110.506,110.532,1253,2018-01-19T09:00:00.000000000Z
324,110.662,110.700,110.567,110.636,731,2018-01-19T10:00:00.000000000Z
325,110.710,110.774,110.652,110.665,701,2018-01-19T11:00:00.000000000Z
326,110.674,110.781,110.636,110.707,650,2018-01-19T12:00:00.000000000Z
327,110.568,110.732,110.522,110.672,1682,2018-01-19T13:00:00.000000000Z
328,110.605,110.752,110.560,110.571,2033,2018-01-19T14:00:00.000000000Z
329,110.638,110.673,110.510,110.602,2475,2018-01-19T15:00:00.000000000Z
330,110.564,110.684,110.548,110.636,1427,2018-01-19T16:00:00.000000000Z
331,110.610,110.633,110.538,110.562,802,2018-01-19T17:00:00.000000000Z
332,110.574,110.670,110.571,110.614,659,2018-01-19T18:00:00.000000000Z
333,110.594,110.674,110.571,110.576,671,2018-01-19T19:00:00.000000000Z
334,110.770,110.778,110.583,110.591,665,2018-01-19T20:00:00.000000000Z
335,110.818,110.842,110.722,110.768,654,2018-01-19T21:00:00.000000000Z
336,110.623,110.676,110.528,110.566,1373,2018-01-21T22:00:00.000000000Z
337,110.688,110.806,110.560,110.620,1012,2018-01-21T23:00:00.000000000Z
338,110.713,110.746,110.596,110.691,1373,2018-01-22T00:00:00.000000000Z
339,110.812,110.832,110.686,110.710,1530,2018-01-22T01:00:00.000000000Z
340,110.760,110.873,110.751,110.808,842,2018-01-22T02:00:00.000000000Z
341,110.790,110.830,110.752,110.762,447,2018-01-22T03:00:00.000000000Z
342,110.796,110.834,110.768,110.788,455,2018-01-22T04:00:00.000000000Z
343,110.791,110.898,110.778,110.798,678,2018-01-22T05:00:00.000000000Z
344,110.882,110.916,110.786,110.794,747,2018-01-22T06:00:00.000000000Z
345,110.780,110.893,110.762,110.880,756,2018-01-22T07:00:00.000000000Z
346,110.790,110.884,110.726,110.782,843,2018-01-22T08:00:00.000000000Z
347,110.710,110.816,110.682,110.788,839,2018-01-22T09:00:00.000000000Z
348,110.692,110.728,110.662,110.712,581,2018-01-22T10:00:00.000000000Z
349,110.728,110.736,110.661,110.694,411,2018-01-22T11:00:00.000000000Z
350,110.837,110.844,110.708,110.731,492,2018-01-22T12:00:00.000000000Z
351,110.742,110.850,110.715,110.840,620,2018-01-22T13:00:00.000000000Z
352,110.868,110.876,110.690,110.740,977,2018-01-22T14:00:00.000000000Z
353,110.786,110.888,110.738,110.866,998,2018-01-22T15:00:00.000000000Z
354,111.156,111.169,110.772,110.784,1413,2018-01-22T16:00:00.000000000Z
355,111.125,111.224,111.106,111.154,1217,2018-01-22T17:00:00.000000000Z
356,111.081,111.136,111.032,111.123,535,2018-01-22T18:00:00.000000000Z
357,110.984,111.118,110.974,111.084,581,2018-01-22T19:00:00.000000000Z
358,110.964,111.000,110.941,110.981,510,2018-01-22T20:00:00.000000000Z
359,110.937,110.974,110.925,110.968,367,2018-01-22T21:00:00.000000000Z
360,110.937,110.978,110.860,110.919,661,2018-01-22T22:00:00.000000000Z
361,110.984,111.000,110.920,110.940,511,2018-01-22T23:00:00.000000000Z
362,110.942,110.986,110.855,110.982,808,2018-01-23T00:00:00.000000000Z
363,110.985,111.027,110.900,110.940,818,2018-01-23T01:00:00.000000000Z
364,110.876,110.994,110.854,110.982,774,2018-01-23T02:00:00.000000000Z
365,110.754,110.986,110.549,110.878,3294,2018-01-23T03:00:00.000000000Z
366,110.785,110.844,110.731,110.752,875,2018-01-23T04:00:00.000000000Z
367,110.838,110.852,110.773,110.782,625,2018-01-23T05:00:00.000000000Z
368,111.090,111.164,110.749,110.840,2123,2018-01-23T06:00:00.000000000Z
369,110.992,111.178,110.942,111.092,1598,2018-01-23T07:00:00.000000000Z
370,110.710,111.038,110.641,110.990,2316,2018-01-23T08:00:00.000000000Z
371,110.664,110.748,110.642,110.712,1058,2018-01-23T09:00:00.000000000Z
372,110.643,110.698,110.585,110.660,876,2018-01-23T10:00:00.000000000Z
373,110.496,110.644,110.381,110.640,1657,2018-01-23T11:00:00.000000000Z
374,110.522,110.558,110.442,110.492,976,2018-01-23T12:00:00.000000000Z
375,110.374,110.546,110.340,110.520,1217,2018-01-23T13:00:00.000000000Z
376,110.362,110.548,110.333,110.372,1656,2018-01-23T14:00:00.000000000Z
377,110.336,110.434,110.253,110.359,1925,2018-01-23T15:00:00.000000000Z
378,110.458,110.464,110.320,110.339,1318,2018-01-23T16:00:00.000000000Z
379,110.417,110.466,110.330,110.456,835,2018-01-23T17:00:00.000000000Z
380,110.396,110.477,110.351,110.414,766,2018-01-23T18:00:00.000000000Z
381,110.306,110.404,110.288,110.400,891,2018-01-23T19:00:00.000000000Z
382,110.313,110.360,110.284,110.309,511,2018-01-23T20:00:00.000000000Z
383,110.304,110.338,110.270,110.316,520,2018-01-23T21:00:00.000000000Z
384,110.284,110.322,110.243,110.322,247,2018-01-23T22:00:00.000000000Z
385,110.126,110.338,110.066,110.282,735,2018-01-23T23:00:00.000000000Z
386,110.237,110.288,110.101,110.129,1144,2018-01-24T00:00:00.000000000Z
387,110.070,110.300,110.046,110.240,1169,2018-01-24T01:00:00.000000000Z
388,109.965,110.121,109.880,110.068,2532,2018-01-24T02:00:00.000000000Z
389,109.958,110.093,109.893,109.968,1038,2018-01-24T03:00:00.000000000Z
390,109.889,109.962,109.808,109.956,1042,2018-01-24T04:00:00.000000000Z
391,109.944,109.983,109.892,109.892,468,2018-01-24T05:00:00.000000000Z
392,110.008,110.044,109.858,109.947,1144,2018-01-24T06:00:00.000000000Z
393,109.954,110.086,109.914,110.010,1455,2018-01-24T07:00:00.000000000Z
394,109.695,109.976,109.647,109.956,2056,2018-01-24T08:00:00.000000000Z
395,109.667,109.744,109.544,109.692,1780,2018-01-24T09:00:00.000000000Z
396,109.518,109.677,109.500,109.669,1237,2018-01-24T10:00:00.000000000Z
397,109.542,109.564,109.388,109.516,1606,2018-01-24T11:00:00.000000000Z
398,109.526,109.606,109.458,109.544,1303,2018-01-24T12:00:00.000000000Z
399,109.516,109.579,109.368,109.523,2432,2018-01-24T13:00:00.000000000Z
400,109.207,109.518,109.182,109.518,2093,2018-01-24T14:00:00.000000000Z
401,109.206,109.296,109.152,109.204,2102,2018-01-24T15:00:00.000000000Z
402,109.152,109.266,108.998,109.204,2512,2018-01-24T16:00:00.000000000Z
403,109.213,109.277,109.083,109.156,1707,2018-01-24T17:00:00.000000000Z
404,109.025,109.242,108.969,109.210,2589,2018-01-24T18:00:00.000000000Z
405,109.052,109.111,108.974,109.028,1313,2018-01-24T19:00:00.000000000Z
406,109.138,109.182,109.034,109.050,1037,2018-01-24T20:00:00.000000000Z
407,109.220,109.252,109.138,109.140,698,2018-01-24T21:00:00.000000000Z
408,109.189,109.230,109.118,109.216,582,2018-01-24T22:00:00.000000000Z
409,109.320,109.338,109.172,109.186,640,2018-01-24T23:00:00.000000000Z
410,109.398,109.472,109.222,109.323,1636,2018-01-25T00:00:00.000000000Z
411,109.219,109.447,109.212,109.400,1220,2018-01-25T01:00:00.000000000Z
412,109.067,109.238,109.042,109.221,1942,2018-01-25T02:00:00.000000000Z
413,109.024,109.166,108.924,109.070,1884,2018-01-25T03:00:00.000000000Z
414,109.010,109.072,108.954,109.026,1300,2018-01-25T04:00:00.000000000Z
415,108.928,109.085,108.906,109.007,1039,2018-01-25T05:00:00.000000000Z
416,108.956,109.096,108.736,108.925,2199,2018-01-25T06:00:00.000000000Z
417,109.024,109.185,108.857,108.959,4453,2018-01-25T07:00:00.000000000Z
418,109.200,109.270,109.014,109.026,2659,2018-01-25T08:00:00.000000000Z
419,109.010,109.198,109.000,109.198,1129,2018-01-25T09:00:00.000000000Z
420,109.058,109.094,109.000,109.008,1103,2018-01-25T10:00:00.000000000Z
421,109.018,109.058,108.941,109.056,834,2018-01-25T11:00:00.000000000Z
422,109.006,109.042,108.976,109.021,794,2018-01-25T12:00:00.000000000Z
423,108.756,109.006,108.756,109.004,3739,2018-01-25T13:00:00.000000000Z
424,108.850,109.148,108.637,108.754,4748,2018-01-25T14:00:00.000000000Z
425,108.694,108.906,108.590,108.848,3493,2018-01-25T15:00:00.000000000Z
426,108.697,108.755,108.606,108.697,1924,2018-01-25T16:00:00.000000000Z
427,108.666,108.770,108.666,108.700,1063,2018-01-25T17:00:00.000000000Z
428,108.553,108.672,108.502,108.669,1624,2018-01-25T18:00:00.000000000Z
429,109.413,109.700,108.534,108.550,10049,2018-01-25T19:00:00.000000000Z
430,109.264,109.434,109.196,109.411,3229,2018-01-25T20:00:00.000000000Z
431,109.409,109.464,109.196,109.262,1115,2018-01-25T21:00:00.000000000Z
432,109.656,109.663,109.410,109.435,1192,2018-01-25T22:00:00.000000000Z
433,109.674,109.721,109.526,109.653,1343,2018-01-25T23:00:00.000000000Z
434,109.674,109.770,109.587,109.676,1875,2018-01-26T00:00:00.000000000Z
435,109.408,109.742,109.346,109.676,2538,2018-01-26T01:00:00.000000000Z
436,109.336,109.510,109.334,109.410,2036,2018-01-26T02:00:00.000000000Z
437,109.379,109.414,109.334,109.339,1044,2018-01-26T03:00:00.000000000Z
438,109.410,109.424,109.349,109.377,596,2018-01-26T04:00:00.000000000Z
439,109.366,109.507,109.357,109.408,757,2018-01-26T05:00:00.000000000Z
440,109.176,109.401,109.158,109.370,1632,2018-01-26T06:00:00.000000000Z
441,109.038,109.184,108.920,109.172,2712,2018-01-26T07:00:00.000000000Z
442,108.938,109.048,108.910,109.040,2066,2018-01-26T08:00:00.000000000Z
443,109.110,109.130,108.926,108.936,1631,2018-01-26T09:00:00.000000000Z
444,109.110,109.197,109.062,109.113,1031,2018-01-26T10:00:00.000000000Z
445,109.384,109.414,109.026,109.108,1643,2018-01-26T11:00:00.000000000Z
446,109.277,109.381,109.192,109.381,1699,2018-01-26T12:00:00.000000000Z
447,109.362,109.432,109.124,109.274,3455,2018-01-26T13:00:00.000000000Z
448,108.704,109.591,108.680,109.364,6764,2018-01-26T14:00:00.000000000Z
449,108.598,108.806,108.498,108.702,3856,2018-01-26T15:00:00.000000000Z
450,108.388,108.660,108.326,108.602,3788,2018-01-26T16:00:00.000000000Z
451,108.460,108.542,108.285,108.386,2293,2018-01-26T17:00:00.000000000Z
452,108.334,108.475,108.334,108.462,1176,2018-01-26T18:00:00.000000000Z
453,108.679,109.064,108.284,108.336,4460,2018-01-26T19:00:00.000000000Z
454,108.721,108.778,108.654,108.681,840,2018-01-26T20:00:00.000000000Z
455,108.611,108.730,108.599,108.719,674,2018-01-26T21:00:00.000000000Z
456,108.661,108.786,108.618,108.704,1367,2018-01-28T22:00:00.000000000Z
457,108.608,108.761,108.593,108.659,985,2018-01-28T23:00:00.000000000Z
458,108.656,108.734,108.510,108.610,1694,2018-01-29T00:00:00.000000000Z
459,108.835,108.891,108.643,108.658,1887,2018-01-29T01:00:00.000000000Z
460,108.845,108.990,108.816,108.833,1462,2018-01-29T02:00:00.000000000Z
461,108.710,108.860,108.668,108.847,1254,2018-01-29T03:00:00.000000000Z
462,108.740,108.752,108.665,108.707,458,2018-01-29T04:00:00.000000000Z
463,108.796,108.801,108.713,108.743,850,2018-01-29T05:00:00.000000000Z
464,108.769,108.880,108.757,108.798,1300,2018-01-29T06:00:00.000000000Z
465,108.941,109.058,108.762,108.772,2035,2018-01-29T07:00:00.000000000Z
466,108.874,108.970,108.870,108.939,1628,2018-01-29T08:00:00.000000000Z
467,108.784,108.996,108.770,108.872,1534,2018-01-29T09:00:00.000000000Z
468,108.726,108.808,108.634,108.788,1699,2018-01-29T10:00:00.000000000Z
469,108.702,108.804,108.690,108.729,912,2018-01-29T11:00:00.000000000Z
470,108.860,108.872,108.626,108.700,1125,2018-01-29T12:00:00.000000000Z
471,108.774,108.882,108.738,108.858,1429,2018-01-29T13:00:00.000000000Z
472,108.837,108.894,108.697,108.772,1378,2018-01-29T14:00:00.000000000Z
473,109.020,109.076,108.784,108.839,1690,2018-01-29T15:00:00.000000000Z
474,109.130,109.204,108.982,109.022,2510,2018-01-29T16:00:00.000000000Z
475,109.090,109.190,109.084,109.127,1204,2018-01-29T17:00:00.000000000Z
476,109.052,109.114,109.012,109.093,839,2018-01-29T18:00:00.000000000Z
477,108.947,109.057,108.903,109.050,928,2018-01-29T19:00:00.000000000Z
478,108.944,109.013,108.895,108.945,955,2018-01-29T20:00:00.000000000Z
479,108.958,109.004,108.934,108.941,374,2018-01-29T21:00:00.000000000Z
480,108.996,109.004,108.936,108.954,583,2018-01-29T22:00:00.000000000Z
481,108.946,108.993,108.915,108.993,412,2018-01-29T23:00:00.000000000Z
482,108.950,109.072,108.886,108.948,1551,2018-01-30T00:00:00.000000000Z
483,108.851,108.972,108.780,108.953,1525,2018-01-30T01:00:00.000000000Z
484,109.098,109.204,108.832,108.853,2160,2018-01-30T02:00:00.000000000Z
485,108.800,109.105,108.768,109.096,1562,2018-01-30T03:00:00.000000000Z
486,108.760,108.836,108.660,108.802,2021,2018-01-30T04:00:00.000000000Z
487,108.686,108.844,108.686,108.762,1096,2018-01-30T05:00:00.000000000Z
488,108.816,108.821,108.612,108.684,1353,2018-01-30T06:00:00.000000000Z
489,108.752,108.814,108.661,108.814,1462,2018-01-30T07:00:00.000000000Z
490,108.676,108.804,108.668,108.754,1867,2018-01-30T08:00:00.000000000Z
491,108.650,108.720,108.592,108.679,1826,2018-01-30T09:00:00.000000000Z
492,108.592,108.712,108.563,108.647,1579,2018-01-30T10:00:00.000000000Z
493,108.611,108.668,108.526,108.589,1289,2018-01-30T11:00:00.000000000Z
494,108.666,108.694,108.598,108.613,1090,2018-01-30T12:00:00.000000000Z
495,108.570,108.758,108.548,108.664,1387,2018-01-30T13:00:00.000000000Z
496,108.546,108.608,108.416,108.572,3189,2018-01-30T14:00:00.000000000Z
497,108.821,108.881,108.495,108.544,3125,2018-01-30T15:00:00.000000000Z
498,108.874,108.937,108.716,108.823,2595,2018-01-30T16:00:00.000000000Z
499,108.830,108.908,108.764,108.876,1507,2018-01-30T17:00:00.000000000Z
